No,名前,allow
1,フシギダネ,TRUE
2,フシギソウ,TRUE
3,フシギバナ,TRUE
3,メガフシギバナ,
4,ヒトカゲ,TRUE
5,リザード,TRUE
6,リザードン,TRUE
6,メガリザードンX,
6,メガリザードンY,
7,ゼニガメ,TRUE
8,カメール,TRUE
9,カメックス,TRUE
9,メガカメックス,
10,キャタピー,
11,トランセル,
12,バタフリー,
13,ビードル,
14,コクーン,
15,スピアー,
15,メガスピアー,
16,ポッポ,
17,ピジョン,
18,ピジョット,
18,メガピジョット,
19,コラッタ,
19,コラッタA,
20,ラッタ,
20,ラッタA,
21,オニスズメ,
22,オニドリル,
23,アーボ,TRUE
24,アーボック,TRUE
25,ピカチュウ,TRUE
26,ライチュウ,TRUE
26,ライチュウA,TRUE
26,メガライチュウX,
26,メガライチュウY,
27,サンド,TRUE
27,サンドA,TRUE
28,サンドパン,TRUE
28,サンドパンA,TRUE
29,ニドラン♀,
30,ニドリーナ,
31,ニドクイン,
32,ニドラン♂,
33,ニドリーノ,
34,ニドキング,
35,ピッピ,TRUE
36,ピクシー,TRUE
36,メガピクシー,
37,ロコン,TRUE
37,ロコンA,TRUE
38,キュウコン,TRUE
38,キュウコンA,TRUE
39,プリン,TRUE
40,プクリン,TRUE
41,ズバット,
42,ゴルバット,
43,ナゾノクサ,TRUE
44,クサイハナ,TRUE
45,ラフレシア,TRUE
46,パラス,
47,パラセクト,
48,コンパン,TRUE
49,モルフォン,TRUE
50,ディグダ,TRUE
50,ディグダA,TRUE
51,ダグトリオ,TRUE
51,ダグトリオA,TRUE
52,ニャース,TRUE
52,ニャースA,TRUE
53,ペルシアン,TRUE
53,ペルシアンA,TRUE
54,コダック,TRUE
55,ゴルダック,TRUE
56,マンキー,TRUE
57,オコリザル,TRUE
58,ガーディ,TRUE
59,ウインディ,TRUE
60,ニョロモ,TRUE
61,ニョロゾ,TRUE
62,ニョロボン,TRUE
63,ケーシィ,
64,ユンゲラー,
65,フーディン,
65,メガフーディン,
66,ワンリキー,
67,ゴーリキー,
68,カイリキー,
69,マダツボミ,TRUE
70,ウツドン,TRUE
71,ウツボット,TRUE
71,メガウツボット,
72,メノクラゲ,TRUE
73,ドククラゲ,TRUE
74,イシツブテ,TRUE
74,イシツブテA,TRUE
75,ゴローン,TRUE
75,ゴローンA,TRUE
76,ゴローニャ,TRUE
76,ゴローニャA,TRUE
77,ポニータ,
78,ギャロップ,
79,ヤドン,TRUE
79,ヤドンG,TRUE
80,ヤドラン,TRUE
80,ヤドランG,TRUE
80,メガヤドラン,
81,コイル,TRUE
82,レアコイル,TRUE
83,カモネギ,
83,カモネギG,
84,ドードー,TRUE
85,ドードリオ,TRUE
86,パウワウ,TRUE
87,ジュゴン,TRUE
88,ベトベター,TRUE
88,ベトベターA,TRUE
89,ベトベトン,TRUE
89,ベトベトンA,TRUE
90,シェルダー,TRUE
91,パルシェン,TRUE
92,ゴース,TRUE
93,ゴースト,TRUE
94,ゲンガー,TRUE
94,メガゲンガー,
95,イワーク,
96,スリープ,TRUE
97,スリーパー,TRUE
98,クラブ,
99,キングラー,
100,ビリリダマ,TRUE
101,マルマイン,TRUE
102,タマタマ,TRUE
103,ナッシー,TRUE
103,ナッシーA,TRUE
104,カラカラ,
105,ガラガラ,
105,ガラガラA,
106,サワムラー,TRUE
107,エビワラー,TRUE
108,ベロリンガ,
109,ドガース,TRUE
110,マタドガス,TRUE
110,マタドガスG,TRUE
111,サイホーン,TRUE
112,サイドン,TRUE
113,ラッキー,TRUE
114,モンジャラ,
115,ガルーラ,
115,メガガルーラ,
116,タッツー,TRUE
117,シードラ,TRUE
118,トサキント,
119,アズマオウ,
120,ヒトデマン,
121,スターミー,
121,メガスターミー,
122,バリヤード,
122,バリヤードG,
123,ストライク,TRUE
124,ルージュラ,
125,エレブー,TRUE
126,ブーバー,TRUE
127,カイロス,
127,メガカイロス,
128,ケンタロス,TRUE
129,コイキング,TRUE
130,ギャラドス,TRUE
130,メガギャラドス,
131,ラプラス,TRUE
132,メタモン,TRUE
133,イーブイ,TRUE
134,シャワーズ,TRUE
135,サンダース,TRUE
136,ブースター,TRUE
137,ポリゴン,TRUE
138,オムナイト,
139,オムスター,
140,カブト,
141,カブトプス,
142,プテラ,
142,メガプテラ,
143,カビゴン,TRUE
144,フリーザー,TRUE
145,サンダー,TRUE
146,ファイヤー,TRUE
147,ミニリュウ,TRUE
148,ハクリュー,TRUE
149,カイリュー,TRUE
149,メガカイリュー,
150,ミュウツー,
150,メガミュウツーX,
150,メガミュウツーY,
151,ミュウ,
152,チコリータ,TRUE
153,ベイリーフ,TRUE
154,メガニウム,TRUE
154,メガメガニウム,
155,ヒノアラシ,TRUE
156,マグマラシ,TRUE
157,バクフーン,TRUE
158,ワニノコ,TRUE
159,アリゲイツ,TRUE
160,オーダイル,TRUE
160,メガオーダイル,
161,オタチ,TRUE
162,オオタチ,TRUE
163,ホーホー,TRUE
164,ヨルノズク,TRUE
165,レディバ,
166,レディアン,
167,イトマル,TRUE
168,アリアドス,TRUE
169,クロバット,
170,チョンチー,TRUE
171,ランターン,TRUE
172,ピチュー,TRUE
173,ピィ,TRUE
174,ププリン,TRUE
175,トゲピー,
176,トゲチック,
177,ネイティ,
178,ネイティオ,
179,メリープ,TRUE
180,モココ,TRUE
180,メガデンリュウ,
181,デンリュウ,TRUE
182,キレイハナ,TRUE
183,マリル,TRUE
184,マリルリ,TRUE
185,ウソッキー,TRUE
186,ニョロトノ,TRUE
187,ハネッコ,TRUE
188,ポポッコ,TRUE
189,ワタッコ,TRUE
190,エイパム,TRUE
191,ヒマナッツ,TRUE
192,キマワリ,TRUE
193,ヤンヤンマ,TRUE
194,ウパー,TRUE
195,ヌオー,TRUE
196,エーフィ,TRUE
197,ブラッキー,TRUE
198,ヤミカラス,TRUE
199,ヤドキング,TRUE
199,ヤドキングG,TRUE
200,ムウマ,TRUE
201,アンノーン,
202,ソーナンス,
203,キリンリキ,TRUE
204,クヌギダマ,TRUE
205,フォレトス,TRUE
206,ノコッチ,TRUE
207,グライガー,TRUE
207,メガハガネール,
208,ハガネール,
209,ブルー,TRUE
210,グランブル,TRUE
211,ハリーセン,TRUE
211,ハリーセンH,
211,メガハッサム,
212,ハッサム,TRUE
213,ツボツボ,
214,メガヘラクロス,
214,ヘラクロス,TRUE
215,ニューラ,TRUE
216,ヒメグマ,TRUE
217,リングマ,TRUE
218,マグマッグ,TRUE
219,マグカルゴ,TRUE
220,ウリムー,TRUE
221,イノムー,TRUE
222,サニーゴ,
223,テッポウオ,
224,オクタン,
225,デリバード,TRUE
226,マンタイン,
227,エアームド,TRUE
227,メガエアームド,
228,デルビル,TRUE
229,ヘルガー,TRUE
229,メガヘルガー,
230,キングドラ,TRUE
231,ゴマゾウ,TRUE
232,ドンファン,TRUE
233,ポリゴン２,TRUE
234,オドシシ,TRUE
235,ドーブル,TRUE
236,バルキー,TRUE
237,カポエラー,TRUE
238,ムチュール,
239,エレキッド,TRUE
240,ブビィ,TRUE
241,ミルタンク,
242,ハピナス,TRUE
243,ライコウ,TRUE
244,エンテイ,TRUE
245,スイクン,TRUE
246,ヨーギラス,TRUE
247,サナギラス,TRUE
248,バンギラス,TRUE
248,メガバンギラス,
249,ルギア,
250,ホウオウ,
251,セレビィ,
252,キモリ,TRUE
253,ジュプトル,TRUE
254,ジュカイン,TRUE
254,メガジュカイン,
255,アチャモ,TRUE
256,ワカシャモ,TRUE
257,バシャーモ,TRUE
257,メガバシャーモ,
258,ミズゴロウ,TRUE
259,ヌマクロー,TRUE
260,ラグラージ,TRUE
260,メガラグラージ,
261,ポチエナ,TRUE
262,グラエナ,TRUE
263,ジグザグマ,
264,マッスグマ,
265,ケムッソ,
266,カラサリス,
267,アゲハント,
268,マユルド,
269,ドクケイル,
270,ハスボー,TRUE
271,ハスブレロ,TRUE
272,ルンパッパ,TRUE
273,タネボー,TRUE
274,コノハナ,TRUE
275,ダーテング,TRUE
276,スバメ,
277,オオスバメ,
278,キャモメ,TRUE
279,ペリッパー,TRUE
280,ラルトス,TRUE
281,キルリア,TRUE
282,サーナイト,TRUE
282,メガサーナイト,
283,アメタマ,TRUE
284,アメモース,TRUE
285,キノココ,TRUE
286,キノガッサ,TRUE
287,ナマケロ,TRUE
288,ヤルキモノ,TRUE
289,ケッキング,TRUE
290,ツチニン,
291,テッカニン,
292,ヌケニン,
293,ゴニョニョ,
294,ドゴーム,
295,バクオング,
296,マクノシタ,TRUE
297,ハリテヤマ,TRUE
298,ルリリ,TRUE
299,ノズパス,TRUE
300,エネコ,
301,エネコロロ,
302,ヤミラミ,TRUE
302,メガヤミラミ,
303,クチート,
303,メガクチート,
304,ココドラ,
305,コドラ,
306,ボスゴドラ,
306,メガボスゴドラ,
307,アサナン,TRUE
308,チャーレム,TRUE
308,メガチャーレム,
309,ラクライ,
310,ライボルト,
310,メガライボルト,
311,プラスル,TRUE
312,マイナン,TRUE
313,バルビート,TRUE
314,イルミーゼ,TRUE
315,ロゼリア,
316,ゴクリン,TRUE
317,マルノーム,TRUE
318,キバニア,
319,サメハダー,
319,メガサメハダー,
320,ホエルコ,
321,ホエルオー,
322,ドンメル,TRUE
323,バクーダ,TRUE
323,メガバクーダ,
324,コータス,TRUE
325,バネブー,TRUE
326,ブーピッグ,TRUE
327,パッチール,
328,ナックラー,TRUE
329,ビブラーバ,TRUE
330,フライゴン,TRUE
331,サボネア,TRUE
332,ノクタス,TRUE
333,チルット,TRUE
334,チルタリス,TRUE
334,メガチルタリス,
335,ザングース,TRUE
336,ハブネーク,TRUE
337,ルナトーン,
338,ソルロック,
339,ドジョッチ,TRUE
340,ナマズン,TRUE
341,ヘイガニ,TRUE
342,シザリガー,TRUE
343,ヤジロン,
344,ネンドール,
345,リリーラ,
346,ユレイドル,
347,アノプス,
348,アーマルド,
349,ヒンバス,TRUE
350,ミロカロス,TRUE
351,ポワルン,
352,カクレオン,
353,カゲボウズ,TRUE
354,ジュペッタ,TRUE
354,メガジュペッタ,
355,ヨマワル,TRUE
356,サマヨール,TRUE
357,トロピウス,TRUE
358,チリーン,TRUE
358,メガチリーン,
359,アブソル,
359,メガアブソル,
359,ゴースト,
360,ソーナノ,
361,ユキワラシ,TRUE
362,オニゴーリ,TRUE
362,メガオニゴーリ,
363,タマザラシ,
364,トドグラー,
365,トドゼルガ,
366,パールル,
367,ハンテール,
368,サクラビス,
369,ジーランス,
370,ラブカス,TRUE
371,タツベイ,TRUE
372,コモルー,TRUE
373,ボーマンダ,TRUE
373,メガボーマンダ,
374,ダンバル,TRUE
375,メタング,TRUE
376,メタグロス,TRUE
376,メガメタグロス,
377,レジロック,TRUE
378,レジアイス,TRUE
379,レジスチル,TRUE
380,ラティアス,TRUE
380,メガラティアス,
381,ラティオス,TRUE
381,メガラティオス,
382,カイオーガ,
382,ゲンシカイオーガ,
383,グラードン,
383,ゲンシグラードン,
384,レックウザ,
384,メガレックウザ,
385,ジラーチ,
386,デオキシスN,
386,デオキシスA,
386,デオキシスD,
386,デオキシスS,
387,ナエトル,TRUE
388,ハヤシガメ,TRUE
389,ドダイトス,TRUE
390,ヒコザル,TRUE
391,モウカザル,TRUE
392,ゴウカザル,TRUE
393,ポッチャマ,TRUE
394,ポッタイシ,TRUE
395,エンペルト,TRUE
396,ムックル,TRUE
397,ムクバード,TRUE
398,ムクホーク,TRUE
398,メガムクホーク,
399,ビッパ,
400,ビーダル,
401,コロボーシ,TRUE
402,コロトック,TRUE
403,コリンク,TRUE
404,ルクシオ,TRUE
405,レントラー,TRUE
406,スボミー,
407,ロズレイド,
408,ズガイドス,TRUE
409,ラムパルド,TRUE
410,タテトプス,TRUE
411,トリデプス,TRUE
412,ミノムッチ,
413,ミノマダム草,
413,ミノマダム鋼,
413,ミノマダム地面,
414,ガーメイル,
415,ミツハニー,TRUE
416,ビークイン,TRUE
417,パチリス,TRUE
418,ブイゼル,TRUE
419,フローゼル,TRUE
420,チェリンボ,
421,チェリム,
422,カラナクシ,TRUE
423,トリトドン,TRUE
424,エテボース,TRUE
425,フワンテ,TRUE
426,フワライド,TRUE
427,ミミロル,
428,ミミロップ,
428,メガミミロップ,
429,ムウマージ,TRUE
430,ドンカラス,TRUE
431,ニャルマー,
432,ブニャット,
433,リーシャン,TRUE
434,スカンプー,TRUE
435,スカタンク,TRUE
436,ドーミラー,TRUE
437,ドータクン,TRUE
438,ウソハチ,TRUE
439,マネネ,
440,ピンプク,TRUE
441,ペラップ,
442,ミカルゲ,TRUE
443,フカマル,TRUE
444,ガバイト,TRUE
445,ガブリアス,TRUE
445,メガガブリアス,
446,ゴンベ,TRUE
447,リオル,TRUE
448,ルカリオ,TRUE
448,メガルカリオ,
448,メガルカリオZ,
449,ヒポポタス,TRUE
450,カバルドン,TRUE
451,スコルピ,
452,ドラピオン,
453,グレッグル,TRUE
454,ドクロッグ,TRUE
455,マスキッパ,
456,ケイコウオ,TRUE
457,ネオラント,TRUE
458,タマンタ,
459,ユキカブリ,TRUE
460,ユキノオー,TRUE
460,メガユキノオー,
461,マニューラ,TRUE
462,ジバコイル,TRUE
463,ベロベルト,
464,ドサイドン,TRUE
465,モジャンボ,
466,エレキブル,TRUE
467,ブーバーン,TRUE
468,トゲキッス,
469,メガヤンマ,TRUE
470,リーフィア,TRUE
471,グレイシア,TRUE
472,グライオン,TRUE
473,マンムー,TRUE
474,ポリゴンＺ,TRUE
475,エルレイド,TRUE
475,メガエルレイド,
476,ダイノーズ,TRUE
477,ヨノワール,TRUE
478,ユキメノコ,TRUE
478,メガユキメノコ,
479,ロトム,TRUE
479,ロトム炎,TRUE
479,ロトム水,TRUE
479,ロトム氷,TRUE
479,ロトム飛,TRUE
479,ロトム草,TRUE
480,ユクシー,TRUE
481,エムリット,TRUE
482,アグノム,TRUE
483,ディアルガ,TRUE
484,パルキア,TRUE
485,ヒードラン,TRUE
485,メガヒードラン,
486,レジギガス,TRUE
486,ギラティナA,
487,ギラティナO,
488,クレセリア,TRUE
489,フィオネ,
490,マナフィ,
491,ダークライ,
491,メガダークライ,
492,シェイミL,
492,シェイミS,
493,アルセウス,
493,アルセウスくさ,
493,アルセウスほのお,
493,アルセウスみず,
493,アルセウスむし,
493,アルセウスノーマル,
493,アルセウスあく,
493,アルセウスどく,
493,アルセウスでんき,
493,アルセウスこおり,
493,アルセウスフェアリー,
493,アルセウスじめん,
493,アルセウスかくとう,
493,アルセウスエスパー,
493,アルセウスいわ,
493,アルセウスゴースト,
493,アルセウスドラゴン,
493,アルセウスはがね,
493,アルセウスひこう,
494,ビクティニ,
495,ツタージャ,TRUE
496,ジャノビー,TRUE
497,ジャローダ,TRUE
498,ポカブ,TRUE
499,チャオブー,TRUE
500,エンブオー,TRUE
500,メガエンブオー,
501,ミジュマル,TRUE
502,フタチマル,TRUE
503,ダイケンキ,TRUE
504,ミネズミ,
505,ミルホッグ,
506,ヨーテリー,
507,ハーデリア,
508,ムーランド,
509,チョロネコ,
510,レパルダス,
511,ヤナップ,
512,ヤナッキー,
513,バオップ,
514,バオッキー,
515,ヒヤップ,
516,ヒヤッキー,
517,ムンナ,
518,ムシャーナ,
519,マメパト,
520,ハトーボー,
521,ケンホロウ,
522,シママ,TRUE
523,ゼブライカ,TRUE
524,ダンゴロ,
525,ガントル,
526,ギガイアス,
527,コロモリ,
528,ココロモリ,
529,モグリュー,TRUE
530,ドリュウズ,TRUE
530,メガドリュウズ,
531,タブンネ,
531,メガタブンネ,
532,ドッコラー,TRUE
533,ドテッコツ,TRUE
534,ローブシン,TRUE
535,オタマロ,
536,ガマガル,
537,ガマゲロゲ,
538,ナゲキ,
539,ダゲキ,
540,クルミル,TRUE
541,クルマユ,TRUE
542,ハハコモリ,TRUE
543,フシデ,
544,ホイーガ,
545,ペンドラー,
545,メガペンドラー,
546,モンメン,TRUE
547,エルフーン,TRUE
548,チュリネ,TRUE
549,ドレディア,TRUE
550,バスラオ,TRUE
551,メグロコ,TRUE
552,ワルビル,TRUE
553,ワルビアル,TRUE
554,ダルマッカN,
554,ダルマッカG,
555,ヒヒダルマN,
555,ヒヒダルマD,
555,ヒヒダルマG,
556,マラカッチ,
557,イシズマイ,
558,イワパレス,
559,ズルッグ,TRUE
560,ズルズキン,TRUE
560,メガズルズキン,
561,シンボラー,
562,デスマス,
562,デスマスG,
563,デスカーン,
564,プロトーガ,
565,アバゴーラ,
566,アーケン,
567,アーケオス,
568,ヤブクロン,
569,ダストダス,
570,ゾロア,TRUE
571,ゾロアーク,TRUE
572,チラーミィ,TRUE
573,チラチーノ,TRUE
574,ゴチム,TRUE
575,ゴチミル,TRUE
576,ゴチルゼル,TRUE
577,ユニラン,TRUE
578,ダブラン,TRUE
579,ランクルス,TRUE
580,コアルヒー,TRUE
581,スワンナ,TRUE
582,バニプッチ,
583,バニリッチ,
584,バイバニラ,
585,シキジカ,TRUE
586,メブキジカ,TRUE
587,エモンガ,
588,カブルモ,
589,シュバルゴ,
590,タマゲタケ,TRUE
591,モロバレル,TRUE
592,プルリル,
593,ブルンゲル,
594,ママンボウ,TRUE
595,バチュル,TRUE
596,デンチュラ,TRUE
597,テッシード,
598,ナットレイ,
599,ギアル,
600,ギギアル,
601,ギギギアル,
602,シビシラス,TRUE
603,シビビール,TRUE
604,シビルドン,TRUE
604,メガシビルドン,
605,リグレー,
606,オーベム,
607,ヒトモシ,TRUE
608,ランプラー,TRUE
609,シャンデラ,TRUE
609,メガシャンデラ,
610,キバゴ,TRUE
611,オノンド,TRUE
612,オノノクス,TRUE
613,クマシュン,TRUE
614,ツンベアー,TRUE
615,フリージオ,TRUE
616,チョボマキ,
617,アギルダー,
618,マッギョ,
618,マッギョG,
619,コジョフー,TRUE
620,コジョンド,TRUE
621,クリムガン,
622,ゴビット,TRUE
623,ゴルーグ,TRUE
623,メガゴルーグ,
624,コマタナ,TRUE
625,キリキザン,TRUE
626,バッフロン,
627,ワシボン,TRUE
628,ウォーグル,TRUE
629,バルチャイ,TRUE
630,バルジーナ,TRUE
631,クイタラン,
632,アイアント,
633,モノズ,TRUE
634,ジヘッド,TRUE
635,サザンドラ,TRUE
636,メラルバ,TRUE
637,ウルガモス,TRUE
638,コバルオン,TRUE
639,テラキオン,TRUE
640,ビリジオン,TRUE
641,トルネロス化,TRUE
641,トルネロス霊,TRUE
642,ボルトロス化,TRUE
642,ボルトロス霊,TRUE
643,レシラム,
644,ゼクロム,
645,ランドロス化,TRUE
645,ランドロス霊,TRUE
646,キュレム,
646,キュレムW,
646,キュレムB,
647,ケルディオ,
647,ケルディオ,
648,メロエッタV,
648,メロエッタS,
649,ゲノセクト,
650,ハリマロン,TRUE
651,ハリボーグ,TRUE
652,ブリガロン,TRUE
652,メガブリガロン,
653,フォッコ,TRUE
654,テールナー,TRUE
655,マフォクシー,TRUE
655,メガマフォクシー,
656,ケロマツ,TRUE
657,ゲコガシラ,TRUE
658,ゲッコウガ,TRUE
658,ゲッコウガS,TRUE
658,メガゲッコウガ,
659,ホルビー,
660,ホルード,
661,ヤヤコマ,TRUE
662,ヒノヤコマ,TRUE
663,ファイアロー,TRUE
664,コフキムシ,TRUE
665,コフーライ,TRUE
666,ビビヨン,TRUE
667,シシコ,TRUE
668,カエンジシ,TRUE
668,メガカエンジシ,
669,フラベベ,TRUE
670,フラエッテ,TRUE
670,メガフラエッテ,
670,フラエッテえいえん,
671,フラージェス,TRUE
672,メェークル,TRUE
673,ゴーゴート,TRUE
674,ヤンチャム,
675,ゴロンダ,
676,トリミアン,
677,ニャスパー,TRUE
678,ニャオニクス,TRUE
678,メガニャオニクス,
679,ヒトツキ,
680,ニダンギル,
681,ギルガルド盾,
681,ギルガルド剣,
682,シュシュプ,
683,フレフワン,
684,ペロッパフ,
685,ペロリーム,
686,マーイーカ,TRUE
687,カラマネロ,TRUE
687,メガカラマネロ,
688,カメテテ,
689,ガメノデス,
689,メガガメノデス,
690,クズモー,TRUE
691,ドラミドロ,TRUE
691,メガドラミドロ,
692,ウデッポウ,TRUE
693,ブロスター,TRUE
694,エリキテル,
695,エレザード,
696,チゴラス,
697,ガチゴラス,
698,アマルス,
699,アマルルガ,
700,ニンフィア,TRUE
701,ルチャブル,TRUE
701,メガルチャブル,
702,デデンネ,TRUE
703,メレシー,TRUE
704,ヌメラ,TRUE
705,ヌメイル,TRUE
705,ヌメイルH,
706,ヌメルゴン,TRUE
706,ヌメルゴンH,
707,クレッフィ,TRUE
708,ボクレー,TRUE
709,オーロット,TRUE
710,バケッチャ普,
710,バケッチャ小,
710,バケッチャ大,
710,バケッチャ特,
711,パンプジン普,
711,パンプジン小,
711,パンプジン大,
711,パンプジン特,
712,カチコール,TRUE
713,クレベース,TRUE
713,クレベースH,
714,オンバット,TRUE
715,オンバーン,TRUE
716,ゼルネアス,
717,イベルタル,
718,ジガルデ50,
718,ジガルデ10,
718,ジガルデ100,
718,メガジガルデ,
719,ディアンシー,TRUE
719,メガディアンシー,
720,フーパ,TRUE
720,フーパ解,TRUE
721,ボルケニオン,TRUE
722,モクロー,TRUE
723,フクスロー,TRUE
724,ジュナイパー,TRUE
725,ニャビー,TRUE
726,ニャヒート,TRUE
727,ガオガエン,TRUE
728,アシマリ,TRUE
729,オシャマリ,TRUE
730,アシレーヌ,TRUE
731,ツツケラ,TRUE
732,ケララッパ,TRUE
733,ドデカバシ,TRUE
734,ヤングース,TRUE
735,デカグース,TRUE
736,アゴジムシ,TRUE
737,デンヂムシ,TRUE
738,クワガノン,TRUE
739,マケンカニ,TRUE
740,ケケンカニ,TRUE
740,メガケケンカニ,
741,オドリドリ炎,TRUE
741,オドリドリ電,TRUE
741,オドリドリ超,TRUE
741,オドリドリ霊,TRUE
742,アブリー,TRUE
743,アブリボン,TRUE
744,イワンコ,TRUE
745,ルガルガン,TRUE
745,ルガルガンM,TRUE
745,ルガルガンT,TRUE
746,ヨワシ,
746,ヨワシ群,
747,ヒドイデ,TRUE
748,ドヒドイデ,TRUE
749,ドロバンコ,TRUE
750,バンバドロ,TRUE
751,シズクモ,TRUE
752,オニシズクモ,TRUE
753,カリキリ,TRUE
754,ラランテス,TRUE
755,ネマシュ,
756,マシェード,
757,ヤトウモリ,TRUE
758,エンニュート,TRUE
759,ヌイコグマ,
760,キテルグマ,
761,アマカジ,TRUE
762,アママイコ,TRUE
763,アマージョ,TRUE
764,キュワワー,TRUE
765,ヤレユータン,TRUE
766,ナゲツケサル,TRUE
767,コソクムシ,
768,グソクムシャ,
768,メガグソクムシャ,
769,スナバァ,TRUE
770,シロデスナ,TRUE
771,ナマコブシ,
772,タイプ：ヌル,
773,シルヴァディ,
774,メテノ殻,TRUE
774,メテノ核,TRUE
775,ネッコアラ,TRUE
776,バクガメス,
777,トゲデマル,
778,ミミッキュ,TRUE
779,ハギギシリ,TRUE
780,ジジーロン,
780,メガジジーロン,
781,ダダリン,
782,ジャラコ,TRUE
783,ジャランゴ,TRUE
784,ジャラランガ,TRUE
785,カプ・コケコ,
786,カプ・テテフ,
787,カプ・ブルル,
788,カプ・レヒレ,
789,コスモッグ,
790,コスモウム,
791,ソルガレオ,
792,ルナアーラ,
793,ウツロイド,
794,マッシブーン,
795,フェローチェ,
796,デンジュモク,
797,テッカグヤ,
798,カミツルギ,
799,アクジキング,
800,ネクロズマ,
800,ネクロズマ日,
800,ネクロズマ月,
800,ネクロズマ竜,
801,マギアナ,TRUE
801,メガマギアナ,
802,マーシャドー,
803,ベベノム,
804,アーゴヨン,
805,ツンデツンデ,
806,ズガドーン,
807,ゼラオラ,
807,メガゼラオラ,
808,メルタン,
809,メルメタル,
810,サルノリ,TRUE
811,バチンキー,TRUE
812,ゴリランダー,TRUE
813,ヒバニー,TRUE
814,ラビフット,TRUE
815,エースバーン,TRUE
816,メッソン,TRUE
817,ジメレオン,TRUE
818,インテレオン,TRUE
819,ホシガリス,TRUE
820,ヨクバリス,TRUE
821,ココガラ,TRUE
822,アオガラス,TRUE
823,アーマーガア,TRUE
824,サッチムシ,
825,レドームシ,
826,イオルブ,
827,クスネ,
828,フォクスライ,
829,ヒメンカ,
830,ワタシラガ,
831,ウールー,
832,バイウールー,
833,カムカメ,TRUE
834,カジリガメ,TRUE
835,ワンパチ,
836,パルスワン,
837,タンドン,TRUE
838,トロッゴン,TRUE
839,セキタンザン,TRUE
840,カジッチュ,TRUE
841,アップリュー,TRUE
842,タルップル,TRUE
843,スナヘビ,TRUE
844,サダイジャ,TRUE
845,ウッウ,TRUE
846,サシカマス,TRUE
847,カマスジョー,TRUE
848,エレズン,TRUE
849,ストリンダー,TRUE
850,ヤクデ,
851,マルヤクデ,
852,タタッコ,
853,オトスパス,
854,ヤバチャ,TRUE
855,ポットデス,TRUE
856,ミブリム,TRUE
857,テブリム,TRUE
858,ブリムオン,TRUE
859,ベロバー,TRUE
860,ギモー,TRUE
861,オーロンゲ,TRUE
862,タチフサグマ,
863,ニャイキング,TRUE
864,サニゴーン,
865,ネギガナイト,
866,バリコオル,
867,デスバーン,
868,マホミル,TRUE
869,マホイップ,TRUE
870,タイレーツ,TRUE
870,メガタイレーツ,
871,バチンウニ,TRUE
872,ユキハミ,TRUE
873,モスノウ,TRUE
874,イシヘンジン,TRUE
875,コオリッポA,TRUE
875,コオリッポＮ,TRUE
876,イエッサン♂,TRUE
876,イエッサン♀,TRUE
877,モルペコ,TRUE
878,ゾウドウ,TRUE
879,ダイオウドウ,TRUE
880,パッチラゴン,
881,パッチルドン,
882,ウオノラゴン,
883,ウオチルドン,
884,ジュラルドン,TRUE
885,ドラメシヤ,TRUE
886,ドロンチ,TRUE
887,ドラパルト,TRUE
888,ザシアン,
888,ザシアン剣,
889,ザマゼンタ,
889,ザマゼンタ盾,
890,ムゲンダイナ,
890,ムゲンダイナ大,
891,ダクマ,TRUE
892,ウーラオス一,TRUE
892,ウーラオス連,TRUE
893,ザルード,TRUE
894,レジエレキ,TRUE
895,レジドラゴ,TRUE
896,ブリザポス,TRUE
897,レイスポス,TRUE
898,バドレックス,
898,バドレックス白,
898,バドレックス黒,
899,アヤシシ,TRUE
900,バサギリ,TRUE
901,ガチグマ,TRUE
901,ガチグマ（アカツキ）,TRUE
902,イダイトウ♂,TRUE
902,イダイトウ♀,TRUE
903,オオニューラ,TRUE
904,ハリーマン,TRUE
905,ラブトロス化身,TRUE
905,ラブトロス霊獣,TRUE
906,ニャオハ,TRUE
907,ニャローテ,TRUE
908,マスカーニャ,TRUE
909,ホゲータ,TRUE
910,アチゲータ,TRUE
911,ラウドボーン,TRUE
912,クワッス,TRUE
913,ウェルカモ,TRUE
914,ウェーニバル,TRUE
915,グルトン,TRUE
916,パフュートン♂,TRUE
916,パフュートン♀,TRUE
917,タマンチュラ,TRUE
918,ワナイダー,TRUE
919,マメバッタ,TRUE
920,エクスレッグ,TRUE
921,パモ,TRUE
922,パモット,TRUE
923,パーモット,TRUE
924,ワッカネズミ,TRUE
925,イッカネズミ,TRUE
926,パピモッチ,TRUE
927,バウッツェル,TRUE
928,ミニーブ,TRUE
929,オリーニョ,TRUE
930,オリーヴァ,TRUE
931,イキリンコ,TRUE
932,コジオ,TRUE
933,ジオヅム,TRUE
934,キョジオーン,TRUE
935,カルボウ,TRUE
936,グレンアルマ,TRUE
937,ソウブレイズ,TRUE
938,ズピカ,TRUE
939,ハラバリー,TRUE
940,カイデン,TRUE
941,タイカイデン,TRUE
942,オラチフ,TRUE
943,マフィティフ,TRUE
944,シルシュルー,TRUE
945,タギングル,TRUE
946,アノクサ,TRUE
947,アノホラグサ,TRUE
948,ノノクラゲ,TRUE
949,リククラゲ,TRUE
950,ガケガニ,TRUE
951,カプサイジ,TRUE
952,スコヴィラン,TRUE
952,メガスコヴィラン,
953,シガロコ,TRUE
954,ベラカス,TRUE
955,ヒラヒナ,TRUE
956,クエスパトラ,TRUE
957,カヌチャン,TRUE
958,ナカヌチャン,TRUE
959,デカヌチャン,TRUE
960,ウミディグダ,TRUE
961,ウミトリオ,TRUE
962,オトシドリ,TRUE
963,ナミイルカ,TRUE
964,イルカマン（ナイーブ）,TRUE
964,イルカマン（マイティ）,TRUE
965,ブロロン,TRUE
966,ブロロローム,TRUE
967,モトトカゲ,TRUE
968,ミミズズ,TRUE
969,キラーメ,TRUE
970,キラフロル,TRUE
970,メガキラフロル,
971,ボチ,TRUE
972,ハカドッグ,TRUE
973,カラミンゴ,TRUE
974,アルクジラ,TRUE
975,ハルクジラ,TRUE
976,ミガルーサ,TRUE
977,ヘイラッシャ,TRUE
978,シャリタツ,TRUE
978,メガシャリタツ,
979,コノヨザル,TRUE
980,ドオー,TRUE
981,リキキリン,TRUE
982,ノココッチ,TRUE
983,ドドゲザン,TRUE
984,イダイナキバ,TRUE
985,サケブシッポ,TRUE
986,アラブルタケ,TRUE
987,ハバタクカミ,TRUE
988,チヲハウハネ,TRUE
989,スナノケガワ,TRUE
990,テツノワダチ,TRUE
991,テツノツツミ,TRUE
992,テツノカイナ,TRUE
993,テツノコウベ,TRUE
994,テツノドクガ,TRUE
995,テツノイバラ,TRUE
996,セビエ,TRUE
997,セゴール,TRUE
998,セグレイブ,TRUE
998,メガセグレイブ,
999,コレクレー歩,TRUE
999,コレクレー箱,TRUE
1000,サーフゴー,TRUE
1001,チオンジェン,TRUE
1002,パオジアン,TRUE
1003,ディンルー,TRUE
1004,イーユイ,TRUE
1005,トドロクツキ,TRUE
1006,テツノブジン,TRUE
1007,コライドン,
1008,ミライドン,
1009,ウネルミナモ,TRUE
1010,テツノイサハ,TRUE
1011,カミッチュ,TRUE
1012,チャデス,TRUE
1013,ヤバソチャ,TRUE
1014,イイネイヌ,TRUE
1015,マシマシラ,TRUE
1016,キチキギス,TRUE
1017,オーガポン草,TRUE
1017,オーガポン炎,TRUE
1017,オーガポン水,TRUE
1017,オーガポン岩,TRUE
1018,ブリジュラス,TRUE
1019,カミツオロチ,TRUE
1019,カミツオロチ,TRUE
1020,ウガツホムラ,TRUE
1021,タケルライコ,TRUE
1022,テツノイワオ,TRUE
1023,テツノカシラ,TRUE
1024,テラパゴス（テラスタルフォルム）,
1024,テラパゴス（ステラフォルム）,
1025,モモワロウ,